charId	level	exp	sp	expBeforeDeath	x	y	z
268485779	6	11194	526	2727	44126	42687	-3488
268486304	7	11942	816	6607	48398	42489	-3472
268487160	8	28745	2791	26211	44062	42815	-3488
268489970	8	24337	1977	21748	48402	42491	-3472
268490030	9	32932	2462	32761	42595	41335	-3488
owner_id	object_id	item_id	count	loc	loc_data	enchant_level
268485779	268485781	6	1	PAPERDOLL	5	0
268485779	268485782	425	1	PAPERDOLL	6	0
268485779	268485783	461	1	PAPERDOLL	11	0
268485779	268485784	5588	1	INVENTORY	0	0
268485779	268485785	10650	5	INVENTORY	0	0
268485779	268485786	12753	10	INVENTORY	0	0
268485779	268576396	57	63	INVENTORY	0	0
268486304	268486314	6	1	PAPERDOLL	5	0
268486304	268486315	425	1	PAPERDOLL	6	0
268486304	268486316	461	1	PAPERDOLL	11	0
268486304	268486317	5588	1	INVENTORY	0	0
268486304	268486318	10650	5	INVENTORY	0	0
268486304	268486319	12753	10	INVENTORY	0	0
268486304	268570263	57	244	INVENTORY	0	0
268486304	268576244	1788	10	INVENTORY	0	0
268487160	268487168	6	1	PAPERDOLL	5	0
268487160	268487169	425	1	PAPERDOLL	6	0
268487160	268487170	461	1	PAPERDOLL	11	0
268487160	268487171	5588	1	INVENTORY	0	0
268487160	268487172	10650	5	INVENTORY	0	0
268487160	268487173	12753	10	INVENTORY	0	0
268487160	268566791	57	1624	INVENTORY	0	0
268487160	268575555	1	1	INVENTORY	0	0
268487160	268575556	1	1	INVENTORY	0	0
268487160	268575557	1	1	INVENTORY	0	0
268487160	268575558	1	1	INVENTORY	0	0
268487160	268575559	1	1	INVENTORY	0	0
268487160	268575560	1	1	INVENTORY	0	0
268487160	268575561	1	1	INVENTORY	0	0
268487160	268575562	1	1	INVENTORY	0	0
268487160	268622709	1869	10	INVENTORY	0	0
268487160	268693267	1	1	INVENTORY	0	0
268487160	268693268	1	1	INVENTORY	0	0
268487160	268693269	1	1	INVENTORY	0	0
268487160	268693270	1	1	INVENTORY	0	0
268487160	268693271	1	1	INVENTORY	0	0
268487160	268693272	1	1	INVENTORY	0	0
268487160	268693273	1	1	INVENTORY	0	0
268487160	268693274	1	1	INVENTORY	0	0
268487160	268722669	1795	20	INVENTORY	0	0
268487160	268837148	1864	30	INVENTORY	0	0
268489970	268489971	6	1	PAPERDOLL	5	0
268489970	268489972	425	1	PAPERDOLL	6	0
268489970	268489973	461	1	PAPERDOLL	11	0
268489970	268489974	5588	1	INVENTORY	0	0
268489970	268489975	10650	5	INVENTORY	0	0
268489970	268489976	12753	10	INVENTORY	0	0
268489970	268571452	57	1352	INVENTORY	0	0
268489970	268578408	112	1	INVENTORY	0	0
268489970	268578409	112	1	INVENTORY	0	0
268489970	268578410	112	1	INVENTORY	0	0
268489970	268578411	112	1	INVENTORY	0	0
268489970	268578412	112	1	INVENTORY	0	0
268489970	268578413	112	1	INVENTORY	0	0
268489970	268578414	112	1	INVENTORY	0	0
268489970	268578415	112	1	INVENTORY	0	0
268489970	268591085	19	1	INVENTORY	0	0
268489970	268591086	19	1	INVENTORY	0	0
268489970	268591087	19	1	INVENTORY	0	0
268489970	268591088	19	1	INVENTORY	0	0
268489970	268591089	19	1	INVENTORY	0	0
268489970	268591090	19	1	INVENTORY	0	0
268489970	268591091	19	1	INVENTORY	0	0
268489970	268591092	19	1	INVENTORY	0	0
268489970	268671201	1795	10	INVENTORY	0	0
268489970	268942674	1869	10	INVENTORY	0	0
268490030	268490031	10	1	INVENTORY	0	0
268490030	268490032	1146	1	PAPERDOLL	6	0
268490030	268490033	1147	1	PAPERDOLL	11	0
268490030	268490034	2369	1	PAPERDOLL	5	0
268490030	268490035	5588	1	INVENTORY	0	0
268490030	268490036	10650	5	INVENTORY	0	0
268490030	268490037	12753	10	INVENTORY	0	0
268490030	268570448	57	1487	INVENTORY	0	0
268490030	268570449	1869	20	INVENTORY	0	0
268490030	268571897	118	1	INVENTORY	0	0
268490030	268571898	118	1	INVENTORY	0	0
268490030	268571899	118	1	INVENTORY	0	0
268490030	268571900	118	1	INVENTORY	0	0
268490030	268571901	118	1	INVENTORY	0	0
268490030	268571902	118	1	INVENTORY	0	0
268490030	268571903	118	1	INVENTORY	0	0
268490030	268571904	118	1	INVENTORY	0	0
268490030	268571905	1060	10	INVENTORY	0	0
268490030	268571906	6037	20	INVENTORY	0	0
268490030	268588461	116	1	INVENTORY	0	0
268490030	268588462	116	1	INVENTORY	0	0
268490030	268588463	116	1	INVENTORY	0	0
268490030	268588464	116	1	INVENTORY	0	0
268490030	268588465	116	1	INVENTORY	0	0
268490030	268588466	116	1	INVENTORY	0	0
268490030	268588467	116	1	INVENTORY	0	0
268490030	268588468	116	1	INVENTORY	0	0
268490030	268588469	1870	20	INVENTORY	0	0
268490030	268593303	1868	10	INVENTORY	0	0
268490030	268593311	1833	10	INVENTORY	0	0
268490030	268616824	21	1	INVENTORY	0	0
268490030	268616825	21	1	INVENTORY	0	0
268490030	268616826	21	1	INVENTORY	0	0
268490030	268616827	21	1	INVENTORY	0	0
268490030	268616828	21	1	INVENTORY	0	0
268490030	268616829	21	1	INVENTORY	0	0
268490030	268616830	21	1	INVENTORY	0	0
268490030	268616831	21	1	INVENTORY	0	0
268490030	268616832	21	1	INVENTORY	0	0
268490030	268616833	21	1	INVENTORY	0	0
268490030	268672185	116	1	INVENTORY	0	0
268490030	268672186	116	1	INVENTORY	0	0
268490030	268672187	116	1	INVENTORY	0	0
268490030	268672188	116	1	INVENTORY	0	0
268490030	268672189	116	1	INVENTORY	0	0
268490030	268672190	116	1	INVENTORY	0	0
268490030	268672191	116	1	INVENTORY	0	0
268490030	268672192	116	1	INVENTORY	0	0
268490030	268674891	116	1	INVENTORY	0	0
268490030	268674892	116	1	INVENTORY	0	0
268490030	268674893	116	1	INVENTORY	0	0
268490030	268674894	116	1	INVENTORY	0	0
268490030	268674895	116	1	INVENTORY	0	0
268490030	268674896	116	1	INVENTORY	0	0
268490030	268674897	116	1	INVENTORY	0	0
268490030	268674898	116	1	INVENTORY	0	0
268490030	268689516	116	1	INVENTORY	0	0
268490030	268689517	116	1	INVENTORY	0	0
268490030	268689518	116	1	INVENTORY	0	0
268490030	268689519	116	1	INVENTORY	0	0
268490030	268689520	116	1	INVENTORY	0	0
268490030	268689521	116	1	INVENTORY	0	0
268490030	268689522	116	1	INVENTORY	0	0
268490030	268689523	116	1	INVENTORY	0	0
268490030	268712549	118	1	INVENTORY	0	0
268490030	268712550	118	1	INVENTORY	0	0
268490030	268712551	118	1	INVENTORY	0	0
268490030	268712552	118	1	INVENTORY	0	0
268490030	268712553	118	1	INVENTORY	0	0
268490030	268712554	118	1	INVENTORY	0	0
268490030	268712555	118	1	INVENTORY	0	0
268490030	268712556	118	1	INVENTORY	0	0
268490030	268735901	112	1	INVENTORY	0	0
268490030	268735902	112	1	INVENTORY	0	0
268490030	268735903	112	1	INVENTORY	0	0
268490030	268735904	112	1	INVENTORY	0	0
268490030	268735905	112	1	INVENTORY	0	0
268490030	268735906	112	1	INVENTORY	0	0
268490030	268735907	112	1	INVENTORY	0	0
268490030	268735908	112	1	INVENTORY	0	0
268490030	268739870	112	1	INVENTORY	0	0
268490030	268739871	112	1	INVENTORY	0	0
268490030	268739872	112	1	INVENTORY	0	0
268490030	268739873	112	1	INVENTORY	0	0
268490030	268739874	112	1	INVENTORY	0	0
268490030	268739875	112	1	INVENTORY	0	0
268490030	268739876	112	1	INVENTORY	0	0
268490030	268739877	112	1	INVENTORY	0	0
268490030	268758981	116	1	INVENTORY	0	0
268490030	268758982	116	1	INVENTORY	0	0
268490030	268758983	116	1	INVENTORY	0	0
268490030	268758984	116	1	INVENTORY	0	0
268490030	268758985	116	1	INVENTORY	0	0
268490030	268758986	116	1	INVENTORY	0	0
268490030	268758987	116	1	INVENTORY	0	0
268490030	268758988	116	1	INVENTORY	0	0
268490030	268762927	1788	10	INVENTORY	0	0
268490030	268782563	1795	20	INVENTORY	0	0
268490030	268782564	1873	10	INVENTORY	0	0
268490030	268950852	1864	10	INVENTORY	0	0
