profileId	charId	skill_id	skill_level	class_index
110	268485779	118	1	0
110	268485779	163	1	0
110	268485779	194	1	0
110	268485779	214	1	0
110	268485779	1177	1	0
110	268485779	1216	1	0
110	268485779	1320	1	0
110	268485779	1322	1	0
142	268486041	194	1	0
142	268486041	1320	1	0
142	268486041	1322	1	0
175	268486304	118	1	0
175	268486304	163	1	0
175	268486304	194	1	0
175	268486304	214	1	0
175	268486304	1177	1	0
175	268486304	1216	1	0
175	268486304	1320	1	0
175	268486304	1322	1	0
260	268487041	118	1	0
260	268487041	163	1	0
260	268487041	194	1	0
260	268487041	214	1	0
260	268487041	1177	1	0
260	268487041	1216	1	0
260	268487041	1320	1	0
260	268487041	1322	1	0
278	268487193	118	1	0
278	268487193	163	1	0
278	268487193	194	1	0
278	268487193	214	1	0
278	268487193	1177	1	0
278	268487193	1216	1	0
278	268487193	1320	1	0
278	268487193	1322	1	0
404	268488272	118	1	0
404	268488272	163	1	0
404	268488272	194	1	0
404	268488272	214	1	0
404	268488272	1177	1	0
404	268488272	1216	1	0
404	268488272	1320	1	0
404	268488272	1322	1	0
447	268488615	194	1	0
447	268488615	1320	1	0
447	268488615	1322	1	0
503	268489084	194	1	0
503	268489084	1320	1	0
503	268489084	1322	1	0
