charId	level	exp	sp	expBeforeDeath	x	y	z
268486304	10	65627	7118	6607	45525	41415	-3504
268488438	6	10885	535	5823	42823	41430	-3488
268488455	9	36320	3683	31323	46967	40965	-3504
268491382	5	2982	160	3282	44126	42751	-3488
268492234	6	10497	569	9837	44056	43840	-3680
268492641	7	11401	624	6696	44140	43191	-3553
268494774	6	9105	450	5823	43853	41838	-3488
owner_id	object_id	item_id	count	loc	loc_data	enchant_level
268486304	268486314	6	1	PAPERDOLL	5	0
268486304	268486315	425	1	PAPERDOLL	6	0
268486304	268486316	461	1	PAPERDOLL	11	0
268486304	268486317	5588	1	INVENTORY	0	0
268486304	268486318	10650	5	INVENTORY	0	0
268486304	268486319	12753	10	INVENTORY	0	0
268486304	268570263	57	1356	INVENTORY	0	0
268486304	268576244	1788	10	INVENTORY	0	0
268488438	268484497	1787	10	INVENTORY	0	0
268488438	268488441	10	1	INVENTORY	0	0
268488438	268488442	1146	1	PAPERDOLL	6	0
268488438	268488443	1147	1	PAPERDOLL	11	0
268488438	268488444	2369	1	PAPERDOLL	5	0
268488438	268488445	5588	1	INVENTORY	0	0
268488438	268488446	10650	5	INVENTORY	0	0
268488438	268488447	12753	10	INVENTORY	0	0
268488438	268566772	57	159	INVENTORY	0	0
268488438	268568777	28	1	INVENTORY	0	0
268488438	268569003	28	1	INVENTORY	0	0
268488438	268569006	28	1	INVENTORY	0	0
268488438	268569009	28	1	INVENTORY	0	0
268488438	268569818	1868	10	INVENTORY	0	0
268488438	268570479	116	1	INVENTORY	0	0
268488438	268570481	116	1	INVENTORY	0	0
268488438	268570482	116	1	INVENTORY	0	0
268488438	268570483	116	1	INVENTORY	0	0
268488438	268570485	116	1	INVENTORY	0	0
268488438	268570489	116	1	INVENTORY	0	0
268488438	268570490	116	1	INVENTORY	0	0
268488438	268570492	116	1	INVENTORY	0	0
268488438	268570493	1870	10	INVENTORY	0	0
268488438	268570494	1788	10	INVENTORY	0	0
268488438	268577484	28	1	INVENTORY	0	0
268488438	268577608	28	1	INVENTORY	0	0
268488438	268577758	28	1	INVENTORY	0	0
268488438	268577769	28	1	INVENTORY	0	0
268488455	268488457	6	1	PAPERDOLL	5	0
268488455	268488458	425	1	PAPERDOLL	6	0
268488455	268488459	461	1	PAPERDOLL	11	0
268488455	268488460	5588	1	INVENTORY	0	0
268488455	268488461	10650	5	INVENTORY	0	0
268488455	268488462	12753	10	INVENTORY	0	0
268488455	268576614	57	2057	INVENTORY	0	0
268488455	268577622	1	1	INVENTORY	0	0
268488455	268577623	1	1	INVENTORY	0	0
268488455	268577624	1	1	INVENTORY	0	0
268488455	268577625	1	1	INVENTORY	0	0
268488455	268577626	1	1	INVENTORY	0	0
268488455	268577627	1	1	INVENTORY	0	0
268488455	268577628	1	1	INVENTORY	0	0
268488455	268577629	1	1	INVENTORY	0	0
268488455	268586597	1864	10	INVENTORY	0	0
268488455	268586895	118	1	INVENTORY	0	0
268488455	268586896	118	1	INVENTORY	0	0
268488455	268586897	118	1	INVENTORY	0	0
268488455	268586898	118	1	INVENTORY	0	0
268488455	268586899	118	1	INVENTORY	0	0
268488455	268586900	118	1	INVENTORY	0	0
268488455	268586901	1060	38	INVENTORY	0	0
268488455	268600792	6037	30	INVENTORY	0	0
268488455	268602439	112	1	INVENTORY	0	0
268488455	268602440	112	1	INVENTORY	0	0
268488455	268602441	112	1	INVENTORY	0	0
268488455	268602442	112	1	INVENTORY	0	0
268488455	268602443	112	1	INVENTORY	0	0
268488455	268602444	112	1	INVENTORY	0	0
268488455	268602445	112	1	INVENTORY	0	0
268488455	268602446	112	1	INVENTORY	0	0
268488455	268602447	1865	10	INVENTORY	0	0
268488455	268604491	112	1	INVENTORY	0	0
268488455	268604492	112	1	INVENTORY	0	0
268488455	268604493	112	1	INVENTORY	0	0
268488455	268604494	112	1	INVENTORY	0	0
268488455	268604495	112	1	INVENTORY	0	0
268488455	268604496	112	1	INVENTORY	0	0
268488455	268604497	112	1	INVENTORY	0	0
268488455	268604498	112	1	INVENTORY	0	0
268488455	268618124	116	1	INVENTORY	0	0
268488455	268618125	116	1	INVENTORY	0	0
268488455	268618126	116	1	INVENTORY	0	0
268488455	268618127	116	1	INVENTORY	0	0
268488455	268618128	116	1	INVENTORY	0	0
268488455	268618129	116	1	INVENTORY	0	0
268488455	268618130	116	1	INVENTORY	0	0
268488455	268618131	116	1	INVENTORY	0	0
268488455	268629730	116	1	INVENTORY	0	0
268488455	268629731	116	1	INVENTORY	0	0
268488455	268629732	116	1	INVENTORY	0	0
268488455	268629733	116	1	INVENTORY	0	0
268488455	268629734	116	1	INVENTORY	0	0
268488455	268629735	116	1	INVENTORY	0	0
268488455	268629736	116	1	INVENTORY	0	0
268488455	268629737	116	1	INVENTORY	0	0
268488455	268640971	112	1	INVENTORY	0	0
268488455	268640972	112	1	INVENTORY	0	0
268488455	268640973	112	1	INVENTORY	0	0
268488455	268640974	112	1	INVENTORY	0	0
268488455	268640975	112	1	INVENTORY	0	0
268488455	268640976	112	1	INVENTORY	0	0
268488455	268640977	112	1	INVENTORY	0	0
268488455	268640978	112	1	INVENTORY	0	0
268488455	268651879	116	1	INVENTORY	0	0
268488455	268651880	116	1	INVENTORY	0	0
268488455	268651881	116	1	INVENTORY	0	0
268488455	268651882	116	1	INVENTORY	0	0
268488455	268651883	116	1	INVENTORY	0	0
268488455	268651884	116	1	INVENTORY	0	0
268488455	268651885	116	1	INVENTORY	0	0
268488455	268651886	116	1	INVENTORY	0	0
268488455	268664454	116	1	INVENTORY	0	0
268488455	268664455	116	1	INVENTORY	0	0
268488455	268664456	116	1	INVENTORY	0	0
268488455	268664457	116	1	INVENTORY	0	0
268488455	268664507	116	1	INVENTORY	0	0
268488455	268664508	116	1	INVENTORY	0	0
268488455	268664509	116	1	INVENTORY	0	0
268488455	268664511	116	1	INVENTORY	0	0
268488455	268693283	112	1	INVENTORY	0	0
268488455	268693284	112	1	INVENTORY	0	0
268488455	268693285	112	1	INVENTORY	0	0
268488455	268693286	112	1	INVENTORY	0	0
268488455	268693287	112	1	INVENTORY	0	0
268488455	268693288	112	1	INVENTORY	0	0
268488455	268693289	112	1	INVENTORY	0	0
268488455	268693290	112	1	INVENTORY	0	0
268488455	268716369	116	1	INVENTORY	0	0
268488455	268716370	116	1	INVENTORY	0	0
268488455	268716371	116	1	INVENTORY	0	0
268488455	268716372	116	1	INVENTORY	0	0
268488455	268716373	116	1	INVENTORY	0	0
268488455	268716374	116	1	INVENTORY	0	0
268488455	268716375	116	1	INVENTORY	0	0
268488455	268716376	116	1	INVENTORY	0	0
268488455	268755063	112	1	INVENTORY	0	0
268488455	268755064	112	1	INVENTORY	0	0
268488455	268755065	112	1	INVENTORY	0	0
268488455	268755066	112	1	INVENTORY	0	0
268488455	268755067	112	1	INVENTORY	0	0
268488455	268755068	112	1	INVENTORY	0	0
268488455	268755069	112	1	INVENTORY	0	0
268488455	268755070	112	1	INVENTORY	0	0
268488455	268770675	1869	10	INVENTORY	0	0
268488455	268783672	1833	20	INVENTORY	0	0
268488455	268863937	1795	30	INVENTORY	0	0
268488455	268946535	1873	10	INVENTORY	0	0
268488455	269080892	1868	10	INVENTORY	0	0
268491382	268491390	6	1	PAPERDOLL	5	0
268491382	268491391	425	1	PAPERDOLL	6	0
268491382	268491392	461	1	PAPERDOLL	11	0
268491382	268491393	5588	1	INVENTORY	0	0
268491382	268491394	10650	5	INVENTORY	0	0
268491382	268491395	12753	10	INVENTORY	0	0
268491382	268577550	1	1	INVENTORY	0	0
268491382	268577551	1	1	INVENTORY	0	0
268491382	268577552	1	1	INVENTORY	0	0
268491382	268577553	1	1	INVENTORY	0	0
268491382	268577554	1	1	INVENTORY	0	0
268491382	268577555	1	1	INVENTORY	0	0
268491382	268577556	1	1	INVENTORY	0	0
268491382	268577557	1	1	INVENTORY	0	0
268491382	268577772	57	95	INVENTORY	0	0
268492234	268484899	1787	10	INVENTORY	0	0
268492234	268492237	10	1	INVENTORY	0	0
268492234	268492238	1146	1	PAPERDOLL	6	0
268492234	268492239	1147	1	PAPERDOLL	11	0
268492234	268492240	2369	1	PAPERDOLL	5	0
268492234	268492241	5588	1	INVENTORY	0	0
268492234	268492242	10650	5	INVENTORY	0	0
268492234	268492243	12753	10	INVENTORY	0	0
268492234	268567277	57	212	INVENTORY	0	0
268492234	268568613	1868	10	INVENTORY	0	0
268492234	268573268	116	1	INVENTORY	0	0
268492234	268573269	116	1	INVENTORY	0	0
268492234	268573270	116	1	INVENTORY	0	0
268492234	268573271	116	1	INVENTORY	0	0
268492234	268573272	116	1	INVENTORY	0	0
268492234	268573273	116	1	INVENTORY	0	0
268492234	268573274	116	1	INVENTORY	0	0
268492234	268573275	116	1	INVENTORY	0	0
268492234	268573276	1870	30	INVENTORY	0	0
268492234	268573277	1788	10	INVENTORY	0	0
268492234	268597108	116	1	INVENTORY	0	0
268492234	268597109	116	1	INVENTORY	0	0
268492234	268597110	116	1	INVENTORY	0	0
268492234	268597111	116	1	INVENTORY	0	0
268492234	268597112	116	1	INVENTORY	0	0
268492234	268597113	116	1	INVENTORY	0	0
268492234	268597114	116	1	INVENTORY	0	0
268492234	268597115	116	1	INVENTORY	0	0
268492234	268597116	1060	10	INVENTORY	0	0
268492234	268597863	116	1	INVENTORY	0	0
268492234	268597864	116	1	INVENTORY	0	0
268492234	268597865	116	1	INVENTORY	0	0
268492234	268597866	116	1	INVENTORY	0	0
268492234	268597867	116	1	INVENTORY	0	0
268492234	268597868	6037	10	INVENTORY	0	0
268492234	268597919	116	1	INVENTORY	0	0
268492234	268597920	116	1	INVENTORY	0	0
268492234	268597921	116	1	INVENTORY	0	0
268492234	268597922	116	1	INVENTORY	0	0
268492234	268597923	116	1	INVENTORY	0	0
268492234	268597924	116	1	INVENTORY	0	0
268492234	268597925	116	1	INVENTORY	0	0
268492234	268597926	116	1	INVENTORY	0	0
268492641	268492643	6	1	PAPERDOLL	5	0
268492641	268492644	425	1	PAPERDOLL	6	0
268492641	268492645	461	1	PAPERDOLL	11	0
268492641	268492646	5588	1	INVENTORY	0	0
268492641	268492647	10650	5	INVENTORY	0	0
268492641	268492648	12753	10	INVENTORY	0	0
268492641	268573459	1	1	INVENTORY	0	0
268492641	268573460	1	1	INVENTORY	0	0
268492641	268573461	1	1	INVENTORY	0	0
268492641	268573462	1	1	INVENTORY	0	0
268492641	268573463	1	1	INVENTORY	0	0
268492641	268573464	1	1	INVENTORY	0	0
268492641	268573465	1	1	INVENTORY	0	0
268492641	268573466	1	1	INVENTORY	0	0
268492641	268573660	57	211	INVENTORY	0	0
268492641	268596580	1865	10	INVENTORY	0	0
268492641	268596779	118	1	INVENTORY	0	0
268492641	268596780	118	1	INVENTORY	0	0
268492641	268596781	118	1	INVENTORY	0	0
268492641	268596782	118	1	INVENTORY	0	0
268492641	268596783	118	1	INVENTORY	0	0
268492641	268596784	118	1	INVENTORY	0	0
268492641	268596785	118	1	INVENTORY	0	0
268492641	268596786	118	1	INVENTORY	0	0
268492641	268597869	6037	10	INVENTORY	0	0
268494774	268484705	1787	10	INVENTORY	0	0
268494774	268494776	10	1	INVENTORY	0	0
268494774	268494777	1146	1	PAPERDOLL	6	0
268494774	268494778	1147	1	PAPERDOLL	11	0
268494774	268494779	2369	1	PAPERDOLL	5	0
268494774	268494780	5588	1	INVENTORY	0	0
268494774	268494781	10650	5	INVENTORY	0	0
268494774	268494782	12753	10	INVENTORY	0	0
268494774	268566770	57	156	INVENTORY	0	0
268494774	268569005	28	1	INVENTORY	0	0
268494774	268569026	28	1	INVENTORY	0	0
268494774	268569675	1868	10	INVENTORY	0	0
268494774	268574722	116	1	INVENTORY	0	0
268494774	268574723	116	1	INVENTORY	0	0
268494774	268574724	116	1	INVENTORY	0	0
268494774	268574725	116	1	INVENTORY	0	0
268494774	268574726	116	1	INVENTORY	0	0
268494774	268574728	116	1	INVENTORY	0	0
268494774	268574729	116	1	INVENTORY	0	0
268494774	268574730	116	1	INVENTORY	0	0
268494774	268574731	1870	10	INVENTORY	0	0
268494774	268574732	1788	10	INVENTORY	0	0
268494774	268577759	28	1	INVENTORY	0	0
268494774	268577771	28	1	INVENTORY	0	0
