profileId	owner_id	object_id	item_id	count	loc	loc_data	enchant_level
175	268486304	268486314	6	1	PAPERDOLL	5	0
175	268486304	268486315	425	1	PAPERDOLL	6	0
175	268486304	268486316	461	1	PAPERDOLL	11	0
175	268486304	268486317	5588	1	INVENTORY	0	0
175	268486304	268486318	10650	5	INVENTORY	0	0
175	268486304	268486319	12753	10	INVENTORY	0	0
175	268486304	268570263	57	1089	INVENTORY	0	0
175	268486304	268576244	1788	10	INVENTORY	0	0
175	268486304	268580721	1873	10	INVENTORY	0	0
175	268486304	268583351	1868	20	INVENTORY	0	0
175	268486304	268584618	21	1	INVENTORY	0	0
175	268486304	268584619	21	1	INVENTORY	0	0
175	268486304	268584620	21	1	INVENTORY	0	0
175	268486304	268584621	21	1	INVENTORY	0	0
175	268486304	268584622	21	1	INVENTORY	0	0
175	268486304	268584623	21	1	INVENTORY	0	0
175	268486304	268584624	21	1	INVENTORY	0	0
175	268486304	268584625	21	1	INVENTORY	0	0
175	268486304	268584626	21	1	INVENTORY	0	0
175	268486304	268584627	21	1	INVENTORY	0	0
175	268486304	268585502	28	1	INVENTORY	0	0
175	268486304	268585503	28	1	INVENTORY	0	0
175	268486304	268585504	28	1	INVENTORY	0	0
175	268486304	268585505	28	1	INVENTORY	0	0
175	268486304	268585506	28	1	INVENTORY	0	0
175	268486304	268585507	28	1	INVENTORY	0	0
175	268486304	268585508	28	1	INVENTORY	0	0
175	268486304	268585509	28	1	INVENTORY	0	0
175	268486304	268585510	28	1	INVENTORY	0	0
175	268486304	268585511	28	1	INVENTORY	0	0
175	268486304	268585656	21	1	INVENTORY	0	0
175	268486304	268585659	21	1	INVENTORY	0	0
175	268486304	268585660	21	1	INVENTORY	0	0
175	268486304	268585661	21	1	INVENTORY	0	0
175	268486304	268585662	21	1	INVENTORY	0	0
175	268486304	268585665	28	1	INVENTORY	0	0
175	268486304	268585666	28	1	INVENTORY	0	0
175	268486304	268585668	28	1	INVENTORY	0	0
175	268486304	268585670	28	1	INVENTORY	0	0
175	268486304	268585674	28	1	INVENTORY	0	0
175	268486304	268586641	28	1	INVENTORY	0	0
175	268486304	268586642	28	1	INVENTORY	0	0
175	268486304	268586643	28	1	INVENTORY	0	0
175	268486304	268586644	28	1	INVENTORY	0	0
175	268486304	268586645	28	1	INVENTORY	0	0
175	268486304	268586646	28	1	INVENTORY	0	0
175	268486304	268586647	28	1	INVENTORY	0	0
175	268486304	268586648	28	1	INVENTORY	0	0
175	268486304	268586649	28	1	INVENTORY	0	0
175	268486304	268586650	28	1	INVENTORY	0	0
175	268486304	268587974	28	1	INVENTORY	0	0
175	268486304	268587975	28	1	INVENTORY	0	0
175	268486304	268589382	28	1	INVENTORY	0	0
175	268486304	268589428	28	1	INVENTORY	0	0
175	268486304	268589462	28	1	INVENTORY	0	0
175	268486304	268589463	28	1	INVENTORY	0	0
175	268486304	268589464	28	1	INVENTORY	0	0
175	268486304	268589465	28	1	INVENTORY	0	0
175	268486304	268589466	28	1	INVENTORY	0	0
175	268486304	268589467	28	1	INVENTORY	0	0
175	268486304	268599808	28	1	INVENTORY	0	0
175	268486304	268599809	28	1	INVENTORY	0	0
175	268486304	268599810	28	1	INVENTORY	0	0
175	268486304	268599811	28	1	INVENTORY	0	0
175	268486304	268599812	28	1	INVENTORY	0	0
175	268486304	268599813	28	1	INVENTORY	0	0
175	268486304	268599814	28	1	INVENTORY	0	0
175	268486304	268599815	28	1	INVENTORY	0	0
175	268486304	268599816	28	1	INVENTORY	0	0
175	268486304	268599817	28	1	INVENTORY	0	0
450	268488646	268488650	6	1	PAPERDOLL	5	0
450	268488646	268488651	425	1	PAPERDOLL	6	0
450	268488646	268488652	461	1	PAPERDOLL	11	0
450	268488646	268488653	5588	1	INVENTORY	0	0
450	268488646	268488654	10650	5	INVENTORY	0	0
450	268488646	268488655	12753	10	INVENTORY	0	0
450	268488646	268569986	57	716	INVENTORY	0	0
450	268488646	268860956	1788	10	INVENTORY	0	0
450	268488646	269479707	1864	20	INVENTORY	0	0
450	268488646	270168426	1869	10	INVENTORY	0	0
450	268488646	270806825	1795	10	INVENTORY	0	0
459	268488712	268484516	1787	10	INVENTORY	0	0
459	268488712	268488722	10	1	INVENTORY	0	0
459	268488712	268488723	1146	1	PAPERDOLL	6	0
459	268488712	268488724	1147	1	PAPERDOLL	11	0
459	268488712	268488725	2369	1	PAPERDOLL	5	0
459	268488712	268488726	5588	1	INVENTORY	0	0
459	268488712	268488727	10650	5	INVENTORY	0	0
459	268488712	268488728	12753	10	INVENTORY	0	0
459	268488712	268566793	57	1808	INVENTORY	0	0
459	268488712	268568358	1868	10	INVENTORY	0	0
459	268488712	268570783	116	1	INVENTORY	0	0
459	268488712	268570784	116	1	INVENTORY	0	0
459	268488712	268570785	116	1	INVENTORY	0	0
459	268488712	268570786	116	1	INVENTORY	0	0
459	268488712	268570789	116	1	INVENTORY	0	0
459	268488712	268570790	116	1	INVENTORY	0	0
459	268488712	268570795	116	1	INVENTORY	0	0
459	268488712	268570798	116	1	INVENTORY	0	0
459	268488712	268570801	1870	30	INVENTORY	0	0
459	268488712	268570802	1788	10	INVENTORY	0	0
459	268488712	268585788	28	1	INVENTORY	0	0
459	268488712	268585789	28	1	INVENTORY	0	0
459	268488712	268585790	28	1	INVENTORY	0	0
459	268488712	268585791	28	1	INVENTORY	0	0
459	268488712	268585792	28	1	INVENTORY	0	0
459	268488712	268585794	28	1	INVENTORY	0	0
459	268488712	268585795	28	1	INVENTORY	0	0
459	268488712	268585796	28	1	INVENTORY	0	0
459	268488712	268589389	116	1	INVENTORY	0	0
459	268488712	268589390	116	1	INVENTORY	0	0
459	268488712	268589391	116	1	INVENTORY	0	0
459	268488712	268589392	116	1	INVENTORY	0	0
459	268488712	268589393	116	1	INVENTORY	0	0
459	268488712	268589394	116	1	INVENTORY	0	0
459	268488712	268589395	116	1	INVENTORY	0	0
459	268488712	268589396	116	1	INVENTORY	0	0
459	268488712	268589397	1060	10	INVENTORY	0	0
459	268488712	268607578	21	1	INVENTORY	0	0
459	268488712	268607579	21	1	INVENTORY	0	0
459	268488712	268607581	21	1	INVENTORY	0	0
459	268488712	268607583	21	1	INVENTORY	0	0
459	268488712	268607584	21	1	INVENTORY	0	0
459	268488712	268607585	21	1	INVENTORY	0	0
459	268488712	268607586	21	1	INVENTORY	0	0
459	268488712	268749391	6037	10	INVENTORY	0	0
459	268488712	268753532	116	1	INVENTORY	0	0
459	268488712	268753533	116	1	INVENTORY	0	0
459	268488712	268753534	116	1	INVENTORY	0	0
459	268488712	268753535	116	1	INVENTORY	0	0
459	268488712	268753536	116	1	INVENTORY	0	0
459	268488712	268753537	116	1	INVENTORY	0	0
459	268488712	268753538	116	1	INVENTORY	0	0
459	268488712	268753539	116	1	INVENTORY	0	0
459	268488712	268958662	116	1	INVENTORY	0	0
459	268488712	268958663	116	1	INVENTORY	0	0
459	268488712	268958664	116	1	INVENTORY	0	0
459	268488712	268958665	116	1	INVENTORY	0	0
459	268488712	268958666	116	1	INVENTORY	0	0
459	268488712	268958667	116	1	INVENTORY	0	0
459	268488712	268958668	116	1	INVENTORY	0	0
459	268488712	268958669	116	1	INVENTORY	0	0
459	268488712	269620504	1869	40	INVENTORY	0	0
459	268488712	270308477	1795	30	INVENTORY	0	0
613	268490030	268490031	10	1	INVENTORY	0	0
613	268490030	268490032	1146	1	PAPERDOLL	6	0
613	268490030	268490033	1147	1	PAPERDOLL	11	0
613	268490030	268490034	2369	1	PAPERDOLL	5	0
613	268490030	268490035	5588	1	INVENTORY	0	0
613	268490030	268490036	10650	5	INVENTORY	0	0
613	268490030	268490037	12753	10	INVENTORY	0	0
613	268490030	268570448	57	3929	INVENTORY	0	0
613	268490030	268570449	1869	20	INVENTORY	0	0
613	268490030	268571897	118	1	INVENTORY	0	0
613	268490030	268571898	118	1	INVENTORY	0	0
613	268490030	268571899	118	1	INVENTORY	0	0
613	268490030	268571900	118	1	INVENTORY	0	0
613	268490030	268571901	118	1	INVENTORY	0	0
613	268490030	268571902	118	1	INVENTORY	0	0
613	268490030	268571903	118	1	INVENTORY	0	0
613	268490030	268571904	118	1	INVENTORY	0	0
613	268490030	268571905	1060	9	INVENTORY	0	0
613	268490030	268571906	6037	20	INVENTORY	0	0
613	268490030	268588461	116	1	INVENTORY	0	0
613	268490030	268588462	116	1	INVENTORY	0	0
613	268490030	268588463	116	1	INVENTORY	0	0
613	268490030	268588464	116	1	INVENTORY	0	0
613	268490030	268588465	116	1	INVENTORY	0	0
613	268490030	268588466	116	1	INVENTORY	0	0
613	268490030	268588467	116	1	INVENTORY	0	0
613	268490030	268588468	116	1	INVENTORY	0	0
613	268490030	268588469	1870	20	INVENTORY	0	0
613	268490030	268593303	1868	10	INVENTORY	0	0
613	268490030	268593311	1833	10	INVENTORY	0	0
613	268490030	268672185	116	1	INVENTORY	0	0
613	268490030	268672186	116	1	INVENTORY	0	0
613	268490030	268672187	116	1	INVENTORY	0	0
613	268490030	268672188	116	1	INVENTORY	0	0
613	268490030	268672189	116	1	INVENTORY	0	0
613	268490030	268672190	116	1	INVENTORY	0	0
613	268490030	268672191	116	1	INVENTORY	0	0
613	268490030	268672192	116	1	INVENTORY	0	0
613	268490030	268674891	116	1	INVENTORY	0	0
613	268490030	268674892	116	1	INVENTORY	0	0
613	268490030	268674893	116	1	INVENTORY	0	0
613	268490030	268674894	116	1	INVENTORY	0	0
613	268490030	268674895	116	1	INVENTORY	0	0
613	268490030	268674896	116	1	INVENTORY	0	0
613	268490030	268674897	116	1	INVENTORY	0	0
613	268490030	268674898	116	1	INVENTORY	0	0
613	268490030	268689516	116	1	INVENTORY	0	0
613	268490030	268689517	116	1	INVENTORY	0	0
613	268490030	268689518	116	1	INVENTORY	0	0
613	268490030	268689519	116	1	INVENTORY	0	0
613	268490030	268689520	116	1	INVENTORY	0	0
613	268490030	268689521	116	1	INVENTORY	0	0
613	268490030	268689522	116	1	INVENTORY	0	0
613	268490030	268689523	116	1	INVENTORY	0	0
613	268490030	268712549	118	1	INVENTORY	0	0
613	268490030	268712550	118	1	INVENTORY	0	0
613	268490030	268712551	118	1	INVENTORY	0	0
613	268490030	268712552	118	1	INVENTORY	0	0
613	268490030	268712553	118	1	INVENTORY	0	0
613	268490030	268712554	118	1	INVENTORY	0	0
613	268490030	268712555	118	1	INVENTORY	0	0
613	268490030	268712556	118	1	INVENTORY	0	0
613	268490030	268735901	112	1	INVENTORY	0	0
613	268490030	268735902	112	1	INVENTORY	0	0
613	268490030	268735903	112	1	INVENTORY	0	0
613	268490030	268735904	112	1	INVENTORY	0	0
613	268490030	268735905	112	1	INVENTORY	0	0
613	268490030	268735906	112	1	INVENTORY	0	0
613	268490030	268735907	112	1	INVENTORY	0	0
613	268490030	268735908	112	1	INVENTORY	0	0
613	268490030	268739870	112	1	INVENTORY	0	0
613	268490030	268739871	112	1	INVENTORY	0	0
613	268490030	268739872	112	1	INVENTORY	0	0
613	268490030	268739873	112	1	INVENTORY	0	0
613	268490030	268739874	112	1	INVENTORY	0	0
613	268490030	268739875	112	1	INVENTORY	0	0
613	268490030	268739876	112	1	INVENTORY	0	0
613	268490030	268739877	112	1	INVENTORY	0	0
613	268490030	268758981	116	1	INVENTORY	0	0
613	268490030	268758982	116	1	INVENTORY	0	0
613	268490030	268758983	116	1	INVENTORY	0	0
613	268490030	268758984	116	1	INVENTORY	0	0
613	268490030	268758985	116	1	INVENTORY	0	0
613	268490030	268758986	116	1	INVENTORY	0	0
613	268490030	268758987	116	1	INVENTORY	0	0
613	268490030	268758988	116	1	INVENTORY	0	0
613	268490030	268762927	1788	10	INVENTORY	0	0
613	268490030	268782563	1795	20	INVENTORY	0	0
613	268490030	268782564	1873	10	INVENTORY	0	0
613	268490030	268950852	1864	10	INVENTORY	0	0
879	268492255	268492263	6	1	PAPERDOLL	5	0
879	268492255	268492264	425	1	PAPERDOLL	6	0
879	268492255	268492265	461	1	PAPERDOLL	11	0
879	268492255	268492266	5588	1	INVENTORY	0	0
879	268492255	268492267	10650	5	INVENTORY	0	0
879	268492255	268492268	12753	10	INVENTORY	0	0
879	268492255	268571468	57	2065	INVENTORY	0	0
879	268492255	268581339	116	1	INVENTORY	0	0
879	268492255	268581389	116	1	INVENTORY	0	0
879	268492255	268581406	116	1	INVENTORY	0	0
879	268492255	268581415	116	1	INVENTORY	0	0
879	268492255	268581416	116	1	INVENTORY	0	0
879	268492255	268581417	116	1	INVENTORY	0	0
879	268492255	268581418	116	1	INVENTORY	0	0
879	268492255	268581419	116	1	INVENTORY	0	0
879	268492255	268581420	1870	20	INVENTORY	0	0
879	268492255	268588945	118	1	INVENTORY	0	0
879	268492255	268588946	118	1	INVENTORY	0	0
879	268492255	268588947	118	1	INVENTORY	0	0
879	268492255	268588948	118	1	INVENTORY	0	0
879	268492255	268588949	118	1	INVENTORY	0	0
879	268492255	268588950	118	1	INVENTORY	0	0
879	268492255	268588951	118	1	INVENTORY	0	0
879	268492255	268588952	118	1	INVENTORY	0	0
879	268492255	268625331	116	1	INVENTORY	0	0
879	268492255	268625332	116	1	INVENTORY	0	0
879	268492255	268625333	116	1	INVENTORY	0	0
879	268492255	268625334	116	1	INVENTORY	0	0
879	268492255	268625335	116	1	INVENTORY	0	0
879	268492255	268625336	116	1	INVENTORY	0	0
879	268492255	268625337	116	1	INVENTORY	0	0
879	268492255	268625338	116	1	INVENTORY	0	0
879	268492255	268647397	116	1	INVENTORY	0	0
879	268492255	268647398	116	1	INVENTORY	0	0
879	268492255	268647399	116	1	INVENTORY	0	0
879	268492255	268647400	116	1	INVENTORY	0	0
879	268492255	268647401	116	1	INVENTORY	0	0
879	268492255	268647402	116	1	INVENTORY	0	0
879	268492255	268647431	116	1	INVENTORY	0	0
879	268492255	268647432	116	1	INVENTORY	0	0
879	268492255	268651900	1060	20	INVENTORY	0	0
879	268492255	268651901	6037	20	INVENTORY	0	0
879	268492255	268668836	118	1	INVENTORY	0	0
879	268492255	268668837	118	1	INVENTORY	0	0
879	268492255	268668838	118	1	INVENTORY	0	0
879	268492255	268668839	118	1	INVENTORY	0	0
879	268492255	268668840	118	1	INVENTORY	0	0
879	268492255	268668841	118	1	INVENTORY	0	0
879	268492255	268668842	118	1	INVENTORY	0	0
879	268492255	268668843	118	1	INVENTORY	0	0
879	268492255	268691032	112	1	INVENTORY	0	0
879	268492255	268691033	112	1	INVENTORY	0	0
879	268492255	268691034	112	1	INVENTORY	0	0
879	268492255	268691035	112	1	INVENTORY	0	0
879	268492255	268691036	112	1	INVENTORY	0	0
879	268492255	268691037	112	1	INVENTORY	0	0
879	268492255	268691038	112	1	INVENTORY	0	0
879	268492255	268691039	112	1	INVENTORY	0	0
879	268492255	268696344	1795	30	INVENTORY	0	0
879	268492255	268714091	112	1	INVENTORY	0	0
879	268492255	268714092	112	1	INVENTORY	0	0
879	268492255	268714093	112	1	INVENTORY	0	0
879	268492255	268714094	112	1	INVENTORY	0	0
879	268492255	268714095	112	1	INVENTORY	0	0
879	268492255	268714096	112	1	INVENTORY	0	0
879	268492255	268714097	112	1	INVENTORY	0	0
879	268492255	268714098	112	1	INVENTORY	0	0
879	268492255	268736289	112	1	INVENTORY	0	0
879	268492255	268736290	112	1	INVENTORY	0	0
879	268492255	268736291	112	1	INVENTORY	0	0
879	268492255	268736292	112	1	INVENTORY	0	0
879	268492255	268736293	112	1	INVENTORY	0	0
879	268492255	268736294	112	1	INVENTORY	0	0
879	268492255	268736295	112	1	INVENTORY	0	0
879	268492255	268736296	112	1	INVENTORY	0	0
879	268492255	268757809	116	1	INVENTORY	0	0
879	268492255	268757810	116	1	INVENTORY	0	0
879	268492255	268757811	116	1	INVENTORY	0	0
879	268492255	268757812	116	1	INVENTORY	0	0
879	268492255	268757813	116	1	INVENTORY	0	0
879	268492255	268757814	116	1	INVENTORY	0	0
879	268492255	268757815	116	1	INVENTORY	0	0
879	268492255	268757816	116	1	INVENTORY	0	0
879	268492255	268757817	1788	10	INVENTORY	0	0
879	268492255	268801035	1864	10	INVENTORY	0	0
879	268492255	268901892	118	1	INVENTORY	0	0
879	268492255	268901893	118	1	INVENTORY	0	0
879	268492255	268901894	118	1	INVENTORY	0	0
879	268492255	268901895	118	1	INVENTORY	0	0
879	268492255	268901896	118	1	INVENTORY	0	0
879	268492255	268901897	118	1	INVENTORY	0	0
879	268492255	268901898	118	1	INVENTORY	0	0
879	268492255	268901899	118	1	INVENTORY	0	0
879	268492255	268922421	112	1	INVENTORY	0	0
879	268492255	268922422	112	1	INVENTORY	0	0
879	268492255	268922423	112	1	INVENTORY	0	0
879	268492255	268922424	112	1	INVENTORY	0	0
879	268492255	268922425	112	1	INVENTORY	0	0
879	268492255	268922426	112	1	INVENTORY	0	0
879	268492255	268922427	112	1	INVENTORY	0	0
879	268492255	268922428	112	1	INVENTORY	0	0
879	268492255	268942676	118	1	INVENTORY	0	0
879	268492255	268942677	118	1	INVENTORY	0	0
879	268492255	268942678	118	1	INVENTORY	0	0
879	268492255	268942679	118	1	INVENTORY	0	0
879	268492255	268942680	118	1	INVENTORY	0	0
879	268492255	268942681	118	1	INVENTORY	0	0
879	268492255	268942682	118	1	INVENTORY	0	0
879	268492255	268942683	118	1	INVENTORY	0	0
