route	suite	focus	launcher	exitCode	summary
1	PhantomCheckpointRecovery025Suite			0	SUMMARY: suite=checkpoint-recovery025 seed=25002501 total=8 passed=8 failed=0
2	PhantomCheckpointDrain025Suite			0	SUMMARY: suite=checkpoint-drain025 seed=25002502 total=3 passed=3 failed=0
3	PhantomVisibleIntentRecoverySuite			0	SUMMARY: suite=visible-intent-recovery seed=21002101 total=10 passed=10 failed=0
4	native	review		0	SUMMARY: suite=m1-native-lifecycle seed=15001501 total=2 passed=2 failed=0
5	PhantomLivingWorld023Suite	retaliation024		0	SUMMARY: suite=living-world023 seed=23002301 total=3 passed=3 failed=0
6			population-ecology-goal033	0	SUMMARY: suite=population-ecology-goal033 seed=33003300 total=30 passed=30 failed=0
7			population-ecology-handoff-regression	0	SUMMARY: suite=population-ecology-goal033 seed=33003300 total=6 passed=6 failed=0
8	server-shutdown			0	SUMMARY: suite=server-shutdown-handoff seed=23002301 total=8 passed=8 failed=0
9	position	owned-store		0	SUMMARY: suite=background-position-canonicalization seed=15001502 total=1 passed=1 failed=0
10	PhantomNativeFarmContinuation022Suite	raw		0	SUMMARY: suite=native-farm-continuation022 seed=22002201 total=3 passed=3 failed=0
11	PhantomLivingWorld023Suite	cooperative		0	SUMMARY: suite=living-world023 seed=23002301 total=1 passed=1 failed=0
12	PhantomNativeFarmContinuation022Suite	observation026		0	SUMMARY: suite=native-farm-continuation022 seed=22002201 total=2 passed=2 failed=0
13	PhantomNativeFarmContinuation022Suite	callback026		0	SUMMARY: suite=native-farm-continuation022 seed=22002201 total=2 passed=2 failed=0
14	PhantomSustainedFarm026Suite			0	SUMMARY: suite=sustained-farm026 seed=26002601 total=3 passed=3 failed=0
15	PhantomSustainedFarm026Suite	resource026		0	SUMMARY: suite=sustained-farm026 seed=26002601 total=2 passed=2 failed=0
16	PhantomSustainedFarm026Suite	generation026		0	SUMMARY: suite=sustained-farm026 seed=26002601 total=2 passed=2 failed=0
17	PhantomRecoveryBoundary026Suite			0	SUMMARY: suite=recovery-boundary026 seed=26002603 total=2 passed=2 failed=0
18	PhantomNativeEvidenceContinuation022Suite			0	SUMMARY: suite=native-evidence-continuation022 seed=22002203 total=4 passed=4 failed=0
