utc	phase	transition	humanX	humanY	humanZ	humanInstance	humanRegionX	humanRegionY	humanRegionZ	profileId	committedX	committedY	committedZ	targetRegionX	targetRegionY	targetRegionZ	liveX	liveY	liveZ	objectId	worldPresent	snapshotWorldPresent	regionCanKnow	clientVisible	distance2D	localityCurrent	materializationState	materializedAgeMillis	activityState	requestedState	activeSignalSources	boundaryInFlight	presenceReason
2026-09-27T20:05:40.341719700Z	OUTSIDE_ARRIVAL		45085	42001	-3491	0	22	20	6	59	39050	41882	-3592	19	20	6				0	false	false	false	false	6036	false	STORED	-1	BACKGROUND	BACKGROUND	1	false	none
09/27/2026 20:05:41	OUTSIDE_ARRIVAL		45085	42001	-3491	0	22	20	6	59	39050	41882	-3592	19	20	6				0	false	false	false	false	6036	false	STORED	-1	BACKGROUND	BACKGROUND	1	false	none
09/27/2026 20:05:42	OUTSIDE		45085	42001	-3491	0	22	20	6	59	39050	41882	-3592	19	20	6				0	false	false	false	false	6036	false	STORED	-1	BACKGROUND	BACKGROUND	1	false	none
2026-09-27T20:05:44.344852300Z	PREWARM_APPROACH		44126	42751	-3483	0	21	20	6	59	39050	41882	-3592	19	20	6				0	false	false	false	false	5150	true	STORED	-1	BACKGROUND	BACKGROUND	2	false	none
2026-09-27T20:05:44.940865300Z	PREWARM		44126	42751	-3483	0	21	20	6	59	39050	41882	-3592	19	20	6				0	false	false	false	false	5150	true	STORED	-1	BACKGROUND	BACKGROUND	2	false	none
2026-09-27T20:05:46.543513900Z	PREWARM		44126	42751	-3483	0	21	20	6	59	39050	41882	-3592	19	20	6				0	false	false	false	false	5150	true	STORED	-1	BACKGROUND	BACKGROUND	2	false	none
2026-09-27T20:05:48.141565900Z	PREWARM		44126	42751	-3483	0	21	20	6	59	39050	41882	-3592	19	20	6				0	false	false	false	false	5150	true	STORED	-1	BACKGROUND	BACKGROUND	2	false	none
09/27/2026 20:05:49	PREWARM		44126	42751	-3483	0	21	20	6	59	39050	41882	-3592	19	20	6				0	false	false	false	false	5150	true	STORED	-1	BACKGROUND	BACKGROUND	2	false	none
2026-09-27T20:05:51.342734900Z	PREWARM		44126	42751	-3483	0	21	20	6	59	39050	41882	-3592	19	20	6				0	false	false	false	false	5150	true	STORED	-1	BACKGROUND	BACKGROUND	2	false	none
2026-09-27T20:05:52.941562300Z	PREWARM		44126	42751	-3483	0	21	20	6	59	39050	41882	-3592	19	20	6				0	false	false	false	false	5150	true	STORED	-1	BACKGROUND	BACKGROUND	2	false	none
2026-09-27T20:05:54.543564200Z	PREWARM		44126	42751	-3483	0	21	20	6	59	39050	41882	-3592	19	20	6				0	false	false	false	false	5150	true	STORED	-1	BACKGROUND	BACKGROUND	2	false	none
2026-09-27T20:05:56.139799500Z	PREWARM		44126	42751	-3483	0	21	20	6	59	39050	41882	-3592	19	20	6				0	false	false	false	false	5150	true	STORED	-1	BACKGROUND	BACKGROUND	2	false	none
09/27/2026 20:05:57	PREWARM		44126	42751	-3483	0	21	20	6	59	39050	41882	-3592	19	20	6				0	false	false	false	false	5150	true	STORED	-1	BACKGROUND	BACKGROUND	2	false	none
2026-09-27T20:05:59.341844800Z	PREWARM		44126	42751	-3483	0	21	20	6	59	39050	41882	-3592	19	20	6				0	false	false	false	false	5150	true	STORED	-1	BACKGROUND	BACKGROUND	2	false	none
2026-09-27T20:06:00.941937300Z	PREWARM		44126	42751	-3483	0	21	20	6	59	39050	41882	-3592	19	20	6				0	false	false	false	false	5150	true	STORED	-1	BACKGROUND	BACKGROUND	2	false	none
2026-09-27T20:06:02.539626700Z	PREWARM		44126	42751	-3483	0	21	20	6	59	39050	41882	-3592	19	20	6				0	false	false	false	false	5150	true	STORED	-1	BACKGROUND	BACKGROUND	2	false	none
2026-09-27T20:06:04.141694600Z	PREWARM		44126	42751	-3483	0	21	20	6	59	39050	41882	-3592	19	20	6				0	false	false	false	false	5150	true	STORED	-1	BACKGROUND	BACKGROUND	2	false	none
2026-09-27T20:06:05.739916800Z	PREWARM		44126	42751	-3483	0	21	20	6	59	39050	41882	-3592	19	20	6				0	false	false	false	false	5150	true	STORED	-1	BACKGROUND	BACKGROUND	2	false	none
2026-09-27T20:06:07.344594600Z	PREWARM		44126	42751	-3483	0	21	20	6	59	39050	41882	-3592	19	20	6				0	false	false	false	false	5150	true	STORED	-1	BACKGROUND	BACKGROUND	2	false	none
