profileId	charId	skill_id	skill_level	class_index
110	268485779	118	1	0
110	268485779	163	1	0
110	268485779	194	1	0
110	268485779	214	1	0
110	268485779	1177	1	0
110	268485779	1216	1	0
110	268485779	1320	1	0
110	268485779	1322	1	0
175	268486304	118	1	0
175	268486304	163	1	0
175	268486304	194	1	0
175	268486304	214	1	0
175	268486304	1177	1	0
175	268486304	1216	1	0
175	268486304	1320	1	0
175	268486304	1322	1	0
275	268487160	118	1	0
275	268487160	163	1	0
275	268487160	194	1	0
275	268487160	214	1	0
275	268487160	1177	1	0
275	268487160	1216	1	0
275	268487160	1320	1	0
275	268487160	1322	1	0
606	268489970	118	1	0
606	268489970	163	1	0
606	268489970	194	1	0
606	268489970	214	1	0
606	268489970	1177	1	0
606	268489970	1216	1	0
606	268489970	1320	1	0
606	268489970	1322	1	0
613	268490030	194	1	0
613	268490030	1320	1	0
613	268490030	1322	1	0
